Loan_ID,Gender,Married,Dependents,Education,Self_Employed,ApplicantIncome,CoapplicantIncome,LoanAmount,Loan_Amount_Term,Credit_History,Property_Area,Loan_Status
LP002119,Male,Yes,1,Not Graduate,No,4554,1229.0,158.0,360.0,1.0,Urban,Y
LP001963,Male,Yes,1,Graduate,No,2014,2925.0,113.0,360.0,1.0,Urban,N
LP002377,Female,No,1,Graduate,Yes,8624,0.0,150.0,360.0,1.0,Semiurban,Y
LP002776,Female,No,0,Graduate,No,5000,0.0,103.0,360.0,0.0,Semiurban,N
LP002566,Female,No,0,Graduate,No,5530,0.0,135.0,360.0,,Urban,
LP002305,Female,No,0,Graduate,No,4547,0.0,115.0,360.0,1.0,Semiurban,Y
LP002954,Male,Yes,2,Not Graduate,No,3132,0.0,76.0,360.0,,Rural,
LP002394,Male,Yes,2,Graduate,No,4010,1025.0,120.0,360.0,1.0,Urban,
LP001639,Female,Yes,0,Graduate,No,3625,0.0,108.0,360.0,1.0,Semiurban,Y
LP001491,Male,Yes,2,Graduate,Yes,3316,3500.0,88.0,360.0,1.0,Urban,Y
LP002684,Female,No,0,Not Graduate,No,3400,0.0,95.0,360.0,1.0,Rural,N
LP002130,Male,Yes,,Not Graduate,No,3523,3230.0,152.0,360.0,0.0,Rural,N
LP001149,Male,Yes,0,Graduate,No,5400,4380.0,290.0,360.0,1.0,Urban,
LP001650,Male,Yes,0,Graduate,No,2333,3803.0,146.0,360.0,1.0,Rural,
LP002315,Male,Yes,1,Graduate,No,8300,0.0,152.0,300.0,0.0,Semiurban,N
LP001051,Male,No,0,Not Graduate,No,3276,0.0,78.0,360.0,1.0,Urban,
LP002027,Male,Yes,0,Graduate,No,4334,2945.0,165.0,360.0,1.0,Semiurban,
LP002140,Male,No,0,Graduate,No,8750,4167.0,308.0,360.0,1.0,Rural,N
LP002892,Male,Yes,2,Graduate,No,6540,0.0,205.0,360.0,1.0,Semiurban,Y
LP002244,Male,Yes,0,Graduate,No,2333,2417.0,136.0,360.0,1.0,Urban,Y
LP002494,Male,No,0,Graduate,No,6000,0.0,140.0,360.0,1.0,Rural,Y
LP001263,Male,Yes,3+,Graduate,No,3167,4000.0,180.0,300.0,0.0,Semiurban,N
LP001087,Female,No,2,Graduate,,3750,2083.0,120.0,360.0,1.0,Semiurban,Y
LP001568,Male,Yes,0,Graduate,No,4500,0.0,140.0,360.0,1.0,Semiurban,
LP001784,Male,Yes,1,Graduate,No,5500,1260.0,170.0,360.0,1.0,Rural,Y
LP002096,Male,Yes,0,Not Graduate,No,2000,1600.0,115.0,360.0,1.0,Rural,
LP001853,Male,Yes,1,Not Graduate,No,2463,2360.0,117.0,360.0,0.0,Urban,
LP001574,Male,Yes,0,Graduate,No,3707,3166.0,182.0,,1.0,Rural,Y
LP002785,Male,Yes,1,Graduate,No,3333,3250.0,158.0,360.0,1.0,Urban,Y
LP002407,Female,Yes,0,Not Graduate,Yes,7142,0.0,138.0,360.0,1.0,Rural,Y
LP001225,Male,Yes,0,Graduate,No,5726,4595.0,258.0,360.0,1.0,Semiurban,N
LP001498,Male,No,0,Graduate,No,5417,0.0,168.0,360.0,1.0,Urban,Y
LP001715,Male,Yes,3+,Not Graduate,Yes,5703,0.0,130.0,360.0,1.0,Rural,Y
LP002226,Male,Yes,0,Graduate,,3333,2500.0,128.0,360.0,1.0,Semiurban,Y
LP001947,Male,Yes,0,Graduate,No,2383,3334.0,172.0,360.0,1.0,Semiurban,Y
LP001219,Male,No,0,Graduate,No,3643,1963.0,138.0,360.0,1.0,Urban,
LP001660,Male,No,0,Graduate,No,4667,0.0,120.0,360.0,1.0,Semiurban,
LP002876,Male,No,0,Graduate,No,6858,0.0,176.0,360.0,1.0,Rural,
LP001599,Male,Yes,0,Graduate,No,4167,4754.0,160.0,360.0,1.0,Rural,
LP002125,Male,Yes,1,Graduate,No,4960,2600.0,187.0,360.0,1.0,Semiurban,
LP001925,Female,No,0,Graduate,Yes,2600,1717.0,99.0,300.0,1.0,Semiurban,N
LP001151,Female,No,0,Graduate,No,4000,2275.0,144.0,360.0,1.0,Semiurban,Y
LP001534,Male,No,0,Graduate,No,4452,0.0,131.0,360.0,1.0,Rural,
LP002194,Female,No,0,Graduate,Yes,15759,0.0,55.0,360.0,1.0,Semiurban,Y
LP002446,Male,Yes,2,Not Graduate,No,2309,1255.0,125.0,360.0,0.0,Rural,N
LP002098,Male,No,0,Graduate,No,2935,0.0,98.0,360.0,1.0,Semiurban,Y
LP002485,Male,No,1,Graduate,No,24797,0.0,240.0,360.0,1.0,Semiurban,
LP002706,Male,Yes,1,Not Graduate,No,5285,1430.0,161.0,360.0,0.0,Semiurban,Y
LP002537,Male,Yes,0,Graduate,No,2083,3150.0,128.0,360.0,1.0,Semiurban,Y
LP002969,Male,Yes,1,Graduate,No,2269,2167.0,99.0,360.0,1.0,Semiurban,
LP001082,Male,Yes,1,Graduate,,2185,1516.0,162.0,360.0,1.0,Semiurban,
LP002774,Male,Yes,0,Not Graduate,No,1700,2900.0,67.0,360.0,0.0,Urban,
LP001098,Male,Yes,0,Graduate,No,3500,1667.0,114.0,360.0,1.0,Semiurban,Y
LP001095,Male,No,0,Graduate,No,3167,0.0,74.0,360.0,1.0,Urban,N
LP002056,Male,Yes,2,Graduate,No,9167,0.0,235.0,360.0,1.0,Semiurban,
LP001657,Male,Yes,0,Not Graduate,No,6033,0.0,160.0,360.0,1.0,Urban,N
LP002657,,Yes,1,Not Graduate,Yes,570,2125.0,68.0,360.0,1.0,Rural,
LP002582,Female,No,0,Not Graduate,Yes,17263,0.0,225.0,360.0,1.0,Semiurban,Y
LP001788,Female,No,0,Graduate,Yes,3463,0.0,122.0,360.0,,Urban,Y
LP001993,Female,No,0,Graduate,No,3762,1666.0,135.0,360.0,1.0,Rural,Y
LP002635,Female,Yes,2,Not Graduate,No,3729,0.0,117.0,360.0,1.0,Semiurban,
LP001936,Male,Yes,0,Graduate,No,3075,2416.0,139.0,360.0,1.0,Rural,Y
LP001384,Male,Yes,3+,Not Graduate,No,2071,754.0,94.0,480.0,1.0,Semiurban,Y
LP002476,Female,Yes,3+,Not Graduate,No,1635,2444.0,99.0,360.0,1.0,Urban,
LP001259,Male,Yes,1,Graduate,Yes,1000,3022.0,110.0,360.0,1.0,Urban,N
LP002624,Male,Yes,0,Graduate,No,20833,6667.0,480.0,360.0,,Urban,Y
LP002445,Female,No,1,Not Graduate,No,3854,3575.0,117.0,360.0,1.0,Rural,
LP001267,Female,Yes,2,Graduate,No,1378,1881.0,167.0,360.0,1.0,Urban,N
LP001742,Male,Yes,2,Graduate,No,4500,0.0,147.0,360.0,1.0,Rural,
LP002086,Female,Yes,0,Graduate,No,4333,2451.0,110.0,360.0,1.0,Urban,N
LP002755,Male,Yes,1,Not Graduate,No,2239,2524.0,128.0,360.0,1.0,Urban,Y
LP002530,,Yes,2,Graduate,No,2873,1872.0,132.0,360.0,0.0,Semiurban,N
LP001211,Male,No,0,Graduate,Yes,5833,0.0,116.0,360.0,1.0,Urban,
LP001769,,No,,Graduate,No,3333,1250.0,110.0,360.0,1.0,Semiurban,
LP001005,Male,Yes,0,Graduate,Yes,3000,0.0,66.0,360.0,1.0,Urban,Y
LP001349,Male,No,0,Graduate,No,4843,3806.0,151.0,360.0,1.0,Semiurban,Y
LP002370,Male,No,0,Not Graduate,No,2717,0.0,60.0,180.0,1.0,Urban,Y
LP001128,,No,0,Graduate,No,3909,0.0,101.0,360.0,1.0,Urban,
LP001865,Male,Yes,1,Graduate,No,6083,4250.0,330.0,360.0,,Urban,Y
LP001699,Male,No,0,Graduate,No,2479,0.0,59.0,360.0,1.0,Urban,Y
LP002717,Male,Yes,0,Graduate,No,1025,5500.0,216.0,360.0,,Rural,Y
LP001011,Male,Yes,2,Graduate,Yes,5417,4196.0,267.0,360.0,1.0,Urban,Y
LP001186,Female,Yes,1,Graduate,Yes,11500,0.0,286.0,360.0,0.0,Urban,N
LP002798,Male,Yes,0,Graduate,No,3887,2669.0,162.0,360.0,1.0,Semiurban,Y
LP002333,Male,No,0,Not Graduate,No,3844,0.0,105.0,360.0,1.0,Urban,
LP002231,Female,No,0,Graduate,No,6000,0.0,156.0,360.0,1.0,Urban,Y
LP002541,Male,Yes,0,Graduate,No,10833,0.0,234.0,360.0,1.0,Semiurban,Y
LP001333,Male,Yes,0,Graduate,No,1977,997.0,50.0,360.0,1.0,Semiurban,Y
LP002940,Male,No,0,Not Graduate,No,3833,0.0,110.0,360.0,1.0,Rural,Y
LP001691,Male,Yes,2,Not Graduate,No,3917,0.0,124.0,360.0,1.0,Semiurban,Y
LP001844,Male,No,0,Graduate,Yes,16250,0.0,192.0,360.0,0.0,Urban,N
LP001083,Male,No,3+,Graduate,No,4166,0.0,40.0,180.0,,Urban,
LP002805,Male,Yes,2,Graduate,No,5041,700.0,150.0,360.0,1.0,Urban,
LP002699,Male,Yes,2,Graduate,Yes,17500,0.0,400.0,360.0,1.0,Rural,Y
LP002128,Male,Yes,2,Graduate,,2583,2330.0,125.0,360.0,1.0,Rural,Y
LP002325,Male,Yes,2,Not Graduate,No,6166,13983.0,102.0,360.0,1.0,Rural,
LP001066,Male,Yes,0,Graduate,Yes,9560,0.0,191.0,360.0,1.0,Semiurban,Y
LP001275,Male,Yes,1,Graduate,No,3988,0.0,50.0,240.0,1.0,Urban,Y
LP001024,Male,Yes,2,Graduate,No,3200,700.0,70.0,360.0,1.0,Urban,Y
LP002284,Male,No,0,Not Graduate,No,3902,1666.0,109.0,360.0,1.0,Rural,Y
LP002170,Male,Yes,2,Graduate,No,5000,3667.0,236.0,360.0,1.0,Semiurban,Y
LP002443,Male,Yes,2,Graduate,No,3340,1710.0,150.0,360.0,0.0,Rural,N
LP002175,Male,Yes,0,Graduate,No,4750,2333.0,130.0,360.0,1.0,Urban,Y
LP002502,Female,Yes,2,Not Graduate,,210,2917.0,98.0,360.0,1.0,Semiurban,Y
LP002732,Male,No,0,Not Graduate,,2550,2042.0,126.0,360.0,1.0,Rural,Y
LP002877,Male,Yes,1,Graduate,No,1782,2232.0,107.0,360.0,1.0,Rural,Y
LP001819,Male,Yes,1,Not Graduate,No,6608,0.0,137.0,180.0,1.0,Urban,Y
LP001421,Male,Yes,0,Graduate,No,5568,2142.0,175.0,360.0,1.0,Rural,N
LP002599,Male,Yes,0,Graduate,No,3667,2000.0,170.0,360.0,1.0,Semiurban,
LP001835,Male,Yes,0,Not Graduate,No,1668,3890.0,201.0,360.0,0.0,Semiurban,N
LP001124,Female,No,3+,Not Graduate,No,2083,0.0,28.0,180.0,1.0,Urban,
LP002625,,No,0,Graduate,No,3583,0.0,96.0,360.0,1.0,Urban,N
LP001666,Male,No,0,Graduate,No,8333,3750.0,187.0,360.0,1.0,Rural,Y
LP002938,Male,Yes,0,Graduate,Yes,16120,0.0,260.0,360.0,1.0,Urban,Y
LP001266,Male,Yes,1,Graduate,Yes,2395,0.0,,360.0,1.0,Semiurban,Y
LP002151,Male,Yes,1,Graduate,No,3875,0.0,67.0,360.0,1.0,Urban,N
LP002609,Female,Yes,0,Graduate,No,2241,2000.0,88.0,360.0,0.0,Urban,
LP001500,Male,Yes,1,Graduate,No,3333,4200.0,256.0,360.0,1.0,Urban,
LP001792,Male,Yes,1,Graduate,No,3315,0.0,96.0,360.0,1.0,Semiurban,Y
LP002100,Male,No,,Graduate,No,2833,0.0,71.0,360.0,1.0,Urban,Y
LP001711,Male,Yes,3+,Graduate,No,3430,1250.0,128.0,360.0,0.0,Semiurban,N
LP001483,Male,Yes,3+,Graduate,No,13518,0.0,390.0,360.0,1.0,Rural,
LP002652,Male,No,0,Graduate,No,5815,3666.0,311.0,360.0,1.0,Rural,N
LP002369,Male,Yes,0,Graduate,No,2920,16.12000084,87.0,360.0,1.0,Rural,Y
LP001758,Male,Yes,2,Graduate,No,6250,1695.0,210.0,360.0,1.0,Semiurban,Y
LP002257,Female,No,0,Graduate,No,2545,0.0,74.0,360.0,1.0,Urban,
LP002053,Male,Yes,3+,Graduate,No,4342,189.0,124.0,360.0,1.0,Semiurban,Y
LP002790,Male,Yes,3+,Graduate,No,3400,0.0,80.0,120.0,1.0,Urban,
LP002533,Male,Yes,2,Graduate,No,2947,1603.0,,360.0,1.0,Urban,N
LP002197,Male,Yes,2,Graduate,No,5185,0.0,155.0,360.0,1.0,Semiurban,Y
LP002339,Male,Yes,0,Graduate,No,3887,1517.0,105.0,360.0,0.0,Semiurban,
LP002435,Male,Yes,0,Graduate,,3539,1376.0,55.0,360.0,1.0,Rural,N
LP001955,Female,No,0,Graduate,No,5000,2541.0,151.0,480.0,1.0,Rural,N
LP002825,Male,Yes,3+,Graduate,No,9699,0.0,300.0,360.0,1.0,Urban,
LP001014,Male,Yes,3+,Graduate,No,3036,2504.0,158.0,360.0,0.0,Semiurban,N
LP001536,Male,Yes,3+,Graduate,No,39999,0.0,600.0,180.0,0.0,Semiurban,Y
LP002723,Male,No,2,Graduate,No,3588,0.0,110.0,360.0,0.0,Rural,N
LP002398,Male,No,0,Graduate,No,1926,1851.0,50.0,360.0,1.0,Semiurban,Y
LP002077,Male,Yes,1,Graduate,No,10000,2690.0,412.0,360.0,1.0,Semiurban,
LP002223,Male,Yes,0,Graduate,No,4310,0.0,130.0,360.0,,Semiurban,Y
LP001827,Male,No,0,Graduate,No,3071,4309.0,180.0,360.0,1.0,Urban,
LP002795,Male,Yes,3+,Graduate,Yes,10139,0.0,260.0,360.0,1.0,Semiurban,Y
LP001794,Male,Yes,2,Graduate,Yes,10890,0.0,260.0,12.0,1.0,Rural,
LP002837,Male,Yes,3+,Graduate,No,3400,2500.0,123.0,360.0,0.0,Rural,N
LP002654,Female,No,,Graduate,Yes,14987,0.0,177.0,360.0,1.0,Rural,
LP002523,Male,Yes,3+,Graduate,No,2773,1497.0,108.0,360.0,1.0,Semiurban,
LP002690,Male,No,0,Graduate,No,2500,0.0,55.0,360.0,1.0,Semiurban,Y
LP002855,Male,Yes,2,Graduate,No,16666,0.0,275.0,360.0,1.0,Urban,Y
LP002316,Male,No,0,Graduate,No,2231,2774.0,176.0,360.0,0.0,Urban,
LP002605,Male,No,0,Not Graduate,No,3271,0.0,90.0,360.0,1.0,Rural,
LP002386,Male,No,0,Graduate,,12876,0.0,405.0,360.0,1.0,Semiurban,Y
LP001760,Male,,,Graduate,No,4758,0.0,158.0,480.0,1.0,Semiurban,Y
LP002101,Male,Yes,0,Graduate,,63337,0.0,490.0,180.0,1.0,Urban,Y
LP001547,Male,Yes,1,Graduate,No,3901,0.0,116.0,360.0,1.0,Urban,
LP001713,Male,Yes,1,Graduate,Yes,7787,0.0,240.0,360.0,1.0,Urban,Y
LP001264,Male,Yes,3+,Not Graduate,Yes,3333,2166.0,130.0,360.0,,Semiurban,Y
LP001519,Female,No,0,Graduate,No,10000,1666.0,225.0,360.0,1.0,Rural,N
LP001974,Female,No,0,Graduate,No,5000,0.0,132.0,360.0,1.0,Rural,Y
LP002878,Male,Yes,3+,Graduate,No,8334,0.0,260.0,360.0,1.0,Urban,
LP002047,Male,Yes,2,Not Graduate,No,4521,1184.0,150.0,360.0,1.0,Semiurban,
LP002585,Male,Yes,0,Graduate,No,3597,2157.0,119.0,360.0,0.0,Rural,N
LP002425,Male,No,0,Graduate,No,3417,738.0,100.0,360.0,,Rural,
LP002050,Male,Yes,1,Graduate,Yes,10000,0.0,155.0,360.0,1.0,Rural,N
LP001482,Male,Yes,0,Graduate,Yes,3459,0.0,25.0,120.0,1.0,Semiurban,Y
LP002743,Female,No,0,Graduate,No,2138,0.0,99.0,360.0,0.0,Semiurban,N
LP002004,Male,No,0,Not Graduate,No,2927,2405.0,111.0,360.0,1.0,Semiurban,Y
LP002943,Male,No,,Graduate,No,2987,0.0,88.0,360.0,0.0,Semiurban,N
LP002348,Male,Yes,0,Graduate,No,5829,0.0,138.0,360.0,1.0,Rural,Y
LP001002,Male,No,0,Graduate,No,5849,0.0,,360.0,1.0,Urban,Y
LP002035,Male,Yes,2,Graduate,No,3717,0.0,120.0,360.0,1.0,Semiurban,Y
LP001420,Male,Yes,3+,Graduate,No,3829,1103.0,163.0,360.0,0.0,Urban,
LP002739,Male,Yes,0,Not Graduate,No,2917,536.0,66.0,360.0,1.0,Rural,N
LP002542,Male,Yes,0,Graduate,,6500,0.0,144.0,360.0,1.0,Urban,
LP002693,Male,Yes,2,Graduate,Yes,7948,7166.0,480.0,360.0,1.0,Rural,Y
LP001817,Male,No,0,Not Graduate,Yes,8703,0.0,199.0,360.0,0.0,Rural,
LP002928,Male,Yes,0,Graduate,No,3000,3416.0,56.0,180.0,1.0,Semiurban,Y
LP001586,Male,Yes,3+,Not Graduate,No,3522,0.0,81.0,180.0,1.0,Rural,N
LP001443,Female,No,0,Graduate,No,3692,0.0,93.0,360.0,,Rural,Y
LP001096,Female,No,0,Graduate,No,4666,0.0,124.0,360.0,1.0,Semiurban,
LP002926,Male,Yes,2,Graduate,Yes,2726,0.0,106.0,360.0,0.0,Semiurban,N
LP002482,Female,No,0,Graduate,Yes,3333,3916.0,212.0,360.0,1.0,Rural,
LP001316,Male,Yes,0,Graduate,No,2958,2900.0,131.0,360.0,1.0,Semiurban,Y
LP002735,Male,Yes,2,Not Graduate,No,3859,0.0,121.0,360.0,1.0,Rural,
LP001634,Male,No,0,Graduate,No,1916,5063.0,67.0,360.0,,Rural,N
LP001896,Male,Yes,2,Graduate,No,3900,0.0,90.0,360.0,1.0,Semiurban,Y
LP002433,Male,Yes,1,Graduate,No,18840,0.0,234.0,360.0,1.0,Rural,
LP001241,Female,No,0,Graduate,No,4300,0.0,136.0,360.0,0.0,Semiurban,N
LP001938,Male,Yes,2,Graduate,No,4400,0.0,127.0,360.0,0.0,Semiurban,N
LP001473,Male,No,0,Graduate,No,2014,1929.0,74.0,360.0,1.0,Urban,Y
LP001964,Male,Yes,0,Not Graduate,No,1800,2934.0,93.0,360.0,0.0,Urban,N
LP001287,,Yes,3+,Not Graduate,No,3500,833.0,120.0,360.0,1.0,Semiurban,
LP002068,Male,No,0,Graduate,No,4917,0.0,130.0,360.0,0.0,Rural,Y
LP001508,Male,Yes,2,Graduate,No,11757,0.0,187.0,180.0,1.0,Urban,Y
LP001627,Male,No,0,Graduate,No,3125,0.0,65.0,360.0,1.0,Urban,
LP001351,Male,Yes,0,Graduate,No,2917,3583.0,138.0,360.0,1.0,Semiurban,
LP001488,Male,Yes,3+,Graduate,No,4000,7750.0,290.0,360.0,1.0,Semiurban,N
LP002570,Female,Yes,2,Graduate,No,10000,11666.0,460.0,360.0,1.0,Urban,
LP001572,Male,Yes,0,Graduate,No,9323,0.0,75.0,180.0,1.0,Urban,Y
LP001086,Male,No,0,Not Graduate,No,1442,0.0,35.0,360.0,1.0,Urban,N
LP002083,Male,No,0,Graduate,Yes,5833,0.0,116.0,360.0,1.0,Urban,
LP001658,Male,No,0,Graduate,No,3858,0.0,76.0,360.0,1.0,Semiurban,Y
LP002772,Male,No,0,Graduate,No,2526,1783.0,145.0,360.0,1.0,Rural,Y
LP002879,Male,Yes,0,Graduate,No,3391,1966.0,133.0,360.0,0.0,Rural,
LP001580,Male,Yes,2,Graduate,No,8000,0.0,200.0,360.0,1.0,Semiurban,Y
LP002935,Male,Yes,1,Graduate,No,3791,1936.0,85.0,360.0,1.0,Urban,
LP001497,Male,Yes,2,Graduate,No,5042,2083.0,185.0,360.0,1.0,Rural,N
LP001594,Male,Yes,0,Graduate,No,5708,5625.0,187.0,360.0,1.0,Semiurban,Y
LP001013,Male,Yes,0,Not Graduate,No,2333,1516.0,95.0,360.0,1.0,Urban,Y
LP001107,Male,Yes,3+,Graduate,No,3786,333.0,126.0,360.0,1.0,Semiurban,
LP002459,Male,Yes,0,Graduate,No,4301,0.0,118.0,360.0,1.0,Urban,Y
LP001250,Male,Yes,3+,Not Graduate,No,4755,0.0,95.0,,0.0,Semiurban,N
LP001567,Male,Yes,3+,Graduate,No,4513,0.0,120.0,360.0,1.0,Rural,
LP002266,Male,Yes,2,Graduate,No,3100,1400.0,113.0,360.0,1.0,Urban,Y
LP001790,Female,No,1,Graduate,No,3812,0.0,112.0,360.0,1.0,Rural,Y
LP001514,Female,Yes,0,Graduate,No,2330,4486.0,100.0,360.0,1.0,Semiurban,Y
LP001921,Male,No,1,Graduate,No,3180,2370.0,80.0,240.0,,Rural,
LP001778,Male,Yes,1,Graduate,No,3155,1779.0,140.0,360.0,1.0,Semiurban,Y
LP001736,Male,Yes,0,Graduate,No,2221,0.0,60.0,360.0,0.0,Urban,N
LP002449,Male,Yes,0,Graduate,No,2483,2466.0,90.0,180.0,0.0,Rural,Y
LP002531,Male,Yes,1,Graduate,Yes,16667,2250.0,86.0,360.0,1.0,Semiurban,Y
LP001478,Male,No,0,Graduate,No,2718,0.0,70.0,360.0,1.0,Semiurban,Y
LP002952,Male,No,0,Graduate,No,2500,0.0,60.0,360.0,1.0,Urban,
LP001973,Male,Yes,2,Not Graduate,No,4483,0.0,130.0,360.0,1.0,Rural,
LP001640,Male,Yes,0,Graduate,Yes,39147,4750.0,120.0,360.0,1.0,Semiurban,Y
LP001120,Male,No,0,Graduate,No,1800,1213.0,47.0,360.0,1.0,Urban,Y
LP002711,Male,Yes,0,Graduate,No,2600,700.0,96.0,360.0,1.0,Semiurban,
LP001379,Male,Yes,2,Graduate,No,3800,3600.0,216.0,360.0,0.0,Urban,N
LP001959,Female,Yes,1,Graduate,No,3564,0.0,79.0,360.0,1.0,Rural,
LP001195,Male,Yes,0,Graduate,No,2132,1591.0,96.0,360.0,1.0,Semiurban,Y
LP002467,Male,Yes,0,Graduate,No,3708,2569.0,173.0,360.0,1.0,Urban,N
LP001230,Male,No,0,Graduate,No,6500,2600.0,200.0,360.0,1.0,Semiurban,
LP002789,Male,Yes,0,Graduate,No,3593,4266.0,132.0,180.0,0.0,Rural,N
LP002286,Male,Yes,3+,Not Graduate,No,5180,0.0,125.0,360.0,0.0,Urban,
LP001052,Male,Yes,1,Graduate,,3717,2925.0,151.0,360.0,,Semiurban,N
LP002366,Male,Yes,0,Graduate,No,2666,4300.0,121.0,360.0,1.0,Rural,Y
LP002692,Male,Yes,3+,Graduate,Yes,5677,1424.0,100.0,360.0,1.0,Rural,Y
LP001352,Male,Yes,0,Not Graduate,No,4700,0.0,135.0,360.0,0.0,Semiurban,
LP001359,Male,Yes,0,Graduate,No,7666,0.0,187.0,360.0,1.0,Semiurban,
LP002610,Male,Yes,1,Not Graduate,,1792,2565.0,128.0,360.0,1.0,Urban,
LP002113,Female,No,3+,Not Graduate,No,1830,0.0,,360.0,0.0,Urban,N
LP001157,Female,No,0,Graduate,No,3086,0.0,120.0,360.0,1.0,Semiurban,Y
LP002544,Male,Yes,1,Not Graduate,No,1958,2436.0,131.0,360.0,1.0,Rural,Y
LP002606,Female,No,0,Graduate,No,3159,0.0,100.0,360.0,1.0,Semiurban,Y
LP002592,Male,No,0,Graduate,No,4983,0.0,141.0,360.0,1.0,Urban,
LP001059,Male,Yes,2,Graduate,,13633,0.0,280.0,240.0,1.0,Urban,
LP001872,Male,No,0,Graduate,Yes,5166,0.0,128.0,360.0,1.0,Semiurban,Y
LP002714,Male,No,1,Not Graduate,No,2679,1302.0,94.0,360.0,1.0,Semiurban,Y
LP001317,Female,No,0,Not Graduate,No,4402,0.0,130.0,360.0,1.0,Rural,
LP001056,Male,Yes,2,Not Graduate,No,3881,0.0,147.0,360.0,0.0,Rural,
LP002760,Female,No,0,Graduate,No,3767,0.0,134.0,300.0,1.0,Urban,
LP001335,Male,Yes,0,Graduate,Yes,7016,292.0,125.0,360.0,1.0,Urban,
LP001038,Male,Yes,0,Not Graduate,No,4887,0.0,133.0,360.0,1.0,Rural,N
LP001472,Female,No,0,Graduate,,5058,0.0,200.0,360.0,1.0,Rural,
LP002551,Male,Yes,3+,Not Graduate,,3634,910.0,176.0,360.0,0.0,Semiurban,
LP002804,Female,Yes,0,Graduate,No,4180,2306.0,182.0,360.0,1.0,Semiurban,Y
LP001548,Male,Yes,2,Not Graduate,No,2687,0.0,50.0,180.0,1.0,Rural,
LP002188,Male,No,0,Graduate,No,5124,0.0,124.0,,0.0,Rural,N
LP001273,Male,Yes,0,Graduate,No,6000,2250.0,265.0,360.0,,Semiurban,N
LP001206,Male,Yes,3+,Graduate,No,3029,0.0,99.0,360.0,1.0,Urban,Y
LP002501,,Yes,0,Graduate,No,16692,0.0,110.0,360.0,1.0,Semiurban,Y
LP001892,Male,No,0,Graduate,No,2833,1857.0,126.0,360.0,1.0,Rural,Y
LP001924,Male,No,0,Graduate,No,3158,3053.0,89.0,360.0,1.0,Rural,Y
LP002161,Female,No,1,Graduate,No,4723,0.0,81.0,360.0,1.0,Semiurban,N
LP002143,Female,Yes,0,Graduate,No,2423,505.0,130.0,360.0,1.0,Semiurban,Y
LP002986,Male,Yes,0,Graduate,No,5000,2393.0,158.0,360.0,1.0,Rural,
LP001907,Male,Yes,0,Graduate,No,14583,0.0,436.0,360.0,1.0,Semiurban,Y
LP001028,Male,Yes,2,Graduate,No,3073,8106.0,200.0,360.0,1.0,Urban,Y
LP001636,Male,Yes,0,Graduate,No,4600,0.0,73.0,180.0,1.0,Semiurban,Y
LP002190,Male,Yes,1,Graduate,No,6325,0.0,175.0,360.0,1.0,Semiurban,Y
LP002840,Female,No,0,Graduate,No,2378,0.0,9.0,360.0,1.0,Urban,N
LP002960,Male,Yes,0,Not Graduate,No,2400,3800.0,,180.0,1.0,Urban,N
LP001749,Male,Yes,0,Graduate,No,7578,1010.0,175.0,,1.0,Semiurban,Y
LP001695,Male,Yes,1,Not Graduate,No,3321,2088.0,70.0,,1.0,Semiurban,
LP001380,Male,Yes,0,Graduate,Yes,3900,2094.0,232.0,360.0,1.0,Rural,
LP002536,Male,Yes,3+,Not Graduate,No,3095,0.0,113.0,360.0,1.0,Rural,Y
LP002953,Male,Yes,3+,Graduate,No,5703,0.0,128.0,360.0,1.0,Urban,Y
LP001961,Female,No,0,Graduate,No,3958,0.0,110.0,360.0,1.0,Rural,
LP002948,Male,Yes,2,Graduate,No,5780,0.0,192.0,360.0,1.0,Urban,Y
LP001608,Male,Yes,2,Graduate,No,2045,1619.0,101.0,360.0,1.0,Rural,Y
LP002028,Male,Yes,2,Graduate,No,4358,0.0,110.0,360.0,1.0,Urban,
LP001035,Male,Yes,2,Graduate,No,2340,2546.0,100.0,360.0,,Urban,
LP002872,,Yes,0,Graduate,No,3087,2210.0,136.0,360.0,0.0,Semiurban,N
LP001445,Male,Yes,2,Not Graduate,No,4136,0.0,149.0,480.0,0.0,Rural,
LP002603,Female,No,0,Graduate,No,645,3683.0,113.0,480.0,1.0,Rural,Y
LP001570,Male,Yes,2,Graduate,No,4167,1447.0,158.0,360.0,1.0,Rural,Y
LP001824,Male,Yes,1,Graduate,No,2882,1843.0,123.0,480.0,1.0,Semiurban,Y
LP002791,Male,No,1,Graduate,,16000,5000.0,40.0,360.0,1.0,Semiurban,
LP002397,Female,Yes,1,Graduate,No,3719,1585.0,114.0,360.0,1.0,Urban,
LP001312,Male,Yes,0,Not Graduate,Yes,5293,0.0,92.0,360.0,1.0,Urban,
LP002211,Male,Yes,0,Graduate,No,4817,923.0,120.0,180.0,1.0,Urban,Y
LP002328,Male,Yes,0,Not Graduate,No,6096,0.0,218.0,360.0,0.0,Rural,N
LP001253,Male,Yes,3+,Graduate,Yes,5266,1774.0,187.0,360.0,1.0,Semiurban,Y
LP001392,Female,No,1,Graduate,Yes,7451,0.0,,360.0,1.0,Semiurban,Y
LP002816,Male,Yes,1,Graduate,No,3500,1658.0,104.0,360.0,,Semiurban,
LP002784,Male,Yes,1,Not Graduate,No,2492,2375.0,,360.0,1.0,Rural,Y
LP002255,Male,No,3+,Graduate,No,9167,0.0,185.0,360.0,1.0,Rural,Y
LP001357,Male,,,Graduate,No,3816,754.0,160.0,360.0,1.0,Urban,Y
LP001398,Male,No,0,Graduate,,5050,0.0,118.0,360.0,1.0,Semiurban,Y
LP002342,Male,Yes,2,Graduate,Yes,1600,20000.0,239.0,360.0,1.0,Urban,N
LP002447,Male,Yes,2,Not Graduate,No,1958,1456.0,60.0,300.0,,Urban,Y
LP002317,Male,Yes,3+,Graduate,No,81000,0.0,360.0,360.0,0.0,Rural,N
LP001319,Male,Yes,2,Not Graduate,No,3273,1820.0,81.0,360.0,1.0,Urban,Y
LP001933,Male,No,2,Not Graduate,No,1141,2017.0,120.0,360.0,0.0,Urban,
LP001310,Male,Yes,0,Graduate,No,5695,4167.0,175.0,360.0,1.0,Semiurban,Y
LP002110,Male,Yes,1,Graduate,,5250,688.0,160.0,360.0,1.0,Rural,Y
LP002932,Male,Yes,3+,Graduate,No,7603,1213.0,197.0,360.0,1.0,Urban,
LP002593,Male,Yes,1,Graduate,No,8333,4000.0,,360.0,1.0,Urban,
LP002651,Male,Yes,1,Graduate,,6300,0.0,125.0,360.0,0.0,Urban,
LP002941,Male,Yes,2,Not Graduate,Yes,6383,1000.0,187.0,360.0,1.0,Rural,N
LP002911,Male,Yes,1,Graduate,No,2787,1917.0,146.0,360.0,0.0,Rural,N
LP002950,Male,Yes,0,Not Graduate,,2894,2792.0,155.0,360.0,1.0,Rural,Y
LP001325,Male,No,0,Not Graduate,No,3620,0.0,25.0,120.0,1.0,Semiurban,Y
LP001027,Male,Yes,2,Graduate,,2500,1840.0,109.0,360.0,1.0,Urban,Y
LP002277,Female,No,0,Graduate,No,3180,0.0,71.0,360.0,0.0,Urban,N
LP002868,Male,Yes,2,Graduate,No,3159,461.0,108.0,84.0,1.0,Urban,Y
LP001131,Male,Yes,0,Graduate,No,3941,2336.0,134.0,360.0,1.0,Semiurban,Y
LP001123,Male,Yes,0,Graduate,No,2400,0.0,75.0,360.0,,Urban,Y
LP002087,Female,No,0,Graduate,No,2500,0.0,67.0,360.0,1.0,Urban,Y
LP001578,Male,Yes,0,Graduate,No,2439,3333.0,129.0,360.0,1.0,Rural,Y
LP002545,Male,No,2,Graduate,No,3547,0.0,80.0,360.0,0.0,Rural,N
LP002355,,Yes,0,Graduate,No,3186,3145.0,150.0,180.0,0.0,Semiurban,
LP002925,,No,0,Graduate,No,4750,0.0,94.0,360.0,1.0,Semiurban,Y
LP002860,Male,Yes,0,Graduate,Yes,2623,4831.0,122.0,180.0,1.0,Semiurban,
LP001345,Male,Yes,2,Not Graduate,No,4288,3263.0,133.0,180.0,1.0,Urban,Y
LP002367,Female,No,1,Not Graduate,No,4606,0.0,81.0,360.0,1.0,Rural,N
LP001616,Male,Yes,1,Graduate,No,3750,0.0,116.0,360.0,1.0,Semiurban,Y
LP002424,Male,Yes,0,Graduate,No,7333,8333.0,175.0,300.0,,Rural,Y
LP002341,Female,No,1,Graduate,No,2600,0.0,160.0,360.0,1.0,Urban,N
LP002168,Male,No,0,Graduate,No,5333,2400.0,200.0,360.0,0.0,Rural,
LP002385,Male,Yes,,Graduate,No,3863,0.0,70.0,300.0,1.0,Semiurban,
LP002329,Male,No,0,Graduate,No,4333,0.0,66.0,480.0,1.0,Urban,
LP001610,Male,Yes,3+,Graduate,No,5516,11300.0,495.0,360.0,0.0,Semiurban,N
LP002272,Male,Yes,2,Graduate,No,3276,484.0,135.0,360.0,,Semiurban,Y
LP001284,Male,Yes,1,Graduate,No,2419,1707.0,124.0,360.0,1.0,Urban,
LP002240,Male,Yes,0,Not Graduate,No,3500,2168.0,149.0,360.0,1.0,Rural,
LP002806,Male,Yes,3+,Graduate,Yes,6958,1411.0,150.0,360.0,1.0,Rural,
LP001323,Female,Yes,2,Graduate,No,2779,3664.0,176.0,360.0,0.0,Semiurban,
LP002234,Male,No,0,Graduate,Yes,7167,0.0,128.0,360.0,1.0,Urban,Y
LP002793,Male,Yes,0,Graduate,No,5333,0.0,90.0,360.0,1.0,Rural,
LP001854,Male,Yes,3+,Graduate,No,5250,0.0,94.0,360.0,1.0,Urban,N
LP002716,Male,No,0,Not Graduate,No,6783,0.0,130.0,360.0,1.0,Semiurban,Y
LP002106,Male,Yes,,Graduate,Yes,5503,4490.0,70.0,,1.0,Semiurban,Y
LP002959,Female,Yes,1,Graduate,No,12000,0.0,496.0,360.0,1.0,Semiurban,Y
LP001032,Male,No,0,Graduate,No,4950,0.0,125.0,360.0,1.0,Urban,Y
LP001006,Male,Yes,0,Not Graduate,No,2583,2358.0,120.0,360.0,1.0,Urban,Y
LP002383,Male,Yes,3+,Graduate,No,3242,437.0,142.0,480.0,0.0,Urban,
LP002069,Male,Yes,2,Not Graduate,,3785,2912.0,180.0,360.0,0.0,Rural,
LP001849,Male,No,0,Not Graduate,No,6045,0.0,115.0,360.0,0.0,Rural,N
LP002734,Male,Yes,0,Graduate,No,6133,3906.0,324.0,360.0,1.0,Urban,Y
LP001831,Male,Yes,0,Graduate,No,2783,1456.0,113.0,360.0,1.0,Urban,
LP001428,Male,Yes,3+,Graduate,No,72529,0.0,360.0,360.0,1.0,Urban,
LP002604,Male,Yes,2,Graduate,No,3166,2833.0,145.0,360.0,1.0,Urban,
LP002265,Male,Yes,2,Not Graduate,No,1993,1625.0,113.0,180.0,1.0,Semiurban,Y
LP001744,Male,No,0,Graduate,No,2971,2791.0,144.0,360.0,1.0,Semiurban,Y
LP001630,Male,No,0,Not Graduate,No,2333,1451.0,102.0,480.0,0.0,Urban,N
LP001935,Male,No,0,Graduate,No,9508,0.0,187.0,360.0,1.0,Rural,Y
LP002899,Male,Yes,2,Graduate,No,8667,0.0,254.0,360.0,1.0,Rural,
LP002065,Male,Yes,3+,Graduate,No,15000,0.0,300.0,360.0,1.0,Rural,Y
LP002893,Male,No,0,Graduate,No,1836,33837.0,90.0,360.0,1.0,Urban,N
LP001020,Male,Yes,1,Graduate,No,12841,10968.0,349.0,360.0,1.0,Semiurban,N
LP001825,Male,Yes,0,Graduate,No,1809,1868.0,90.0,360.0,1.0,Urban,Y
LP001047,Male,Yes,0,Not Graduate,No,2600,1911.0,116.0,360.0,0.0,Semiurban,N
LP002149,Male,Yes,2,Graduate,No,8333,3167.0,165.0,360.0,1.0,Rural,Y
LP001743,Male,Yes,2,Graduate,No,4009,1717.0,116.0,360.0,1.0,Semiurban,Y
LP001221,Female,No,0,Graduate,No,3644,0.0,110.0,360.0,1.0,Urban,
LP002294,Male,No,0,Graduate,No,14911,14507.0,130.0,360.0,1.0,Semiurban,
LP002115,Male,Yes,3+,Not Graduate,No,2647,1587.0,173.0,360.0,1.0,Rural,N
LP002379,Male,No,0,Graduate,No,6500,0.0,105.0,360.0,0.0,Rural,N
LP002753,Female,No,1,Graduate,,3652,0.0,95.0,360.0,1.0,Semiurban,Y
LP002117,Female,Yes,0,Graduate,No,3159,2374.0,108.0,360.0,1.0,Semiurban,
LP001688,Male,Yes,1,Not Graduate,No,3500,1083.0,135.0,360.0,1.0,Urban,Y
LP001055,Female,No,1,Not Graduate,No,2226,0.0,59.0,360.0,1.0,Semiurban,
LP001322,Male,No,0,Graduate,No,4133,0.0,122.0,360.0,1.0,Semiurban,Y
LP002777,Male,Yes,0,Graduate,No,2785,2016.0,110.0,360.0,1.0,Rural,Y
LP001238,Male,Yes,3+,Not Graduate,Yes,7100,0.0,125.0,60.0,1.0,Urban,Y
LP001652,Male,No,0,Graduate,No,2500,6414.0,187.0,360.0,0.0,Rural,
LP001922,Male,Yes,0,Graduate,No,20667,0.0,,360.0,1.0,Rural,N
LP001995,Male,Yes,0,Not Graduate,No,2431,1820.0,110.0,360.0,0.0,Rural,
LP002390,Male,No,0,Graduate,No,3750,0.0,100.0,360.0,1.0,Urban,Y
LP001532,Male,Yes,2,Not Graduate,No,2281,0.0,113.0,360.0,1.0,Rural,N
LP001255,Male,No,0,Graduate,No,3750,0.0,113.0,480.0,1.0,Urban,N
LP001558,Male,No,0,Graduate,No,2243,2233.0,107.0,360.0,,Semiurban,
LP002434,Male,Yes,2,Not Graduate,No,4652,0.0,110.0,360.0,1.0,Rural,Y
LP001644,,Yes,0,Graduate,Yes,674,5296.0,168.0,360.0,1.0,Rural,Y
LP001891,Male,Yes,0,Graduate,No,11146,0.0,136.0,360.0,1.0,Urban,Y
LP001786,Male,Yes,0,Graduate,,5746,0.0,255.0,360.0,,Urban,N
LP002547,Male,Yes,1,Graduate,No,18333,0.0,500.0,360.0,1.0,Urban,N
LP001405,Male,Yes,1,Graduate,No,2214,1398.0,85.0,360.0,,Urban,Y
LP002057,Male,Yes,0,Not Graduate,No,13083,0.0,,360.0,1.0,Rural,
LP002643,Male,Yes,2,Graduate,No,3283,2035.0,148.0,360.0,1.0,Urban,Y
LP002757,Female,Yes,0,Not Graduate,No,3017,663.0,102.0,360.0,,Semiurban,Y
LP002894,Female,Yes,0,Graduate,No,3166,0.0,36.0,360.0,1.0,Semiurban,Y
LP001448,,Yes,3+,Graduate,No,23803,0.0,370.0,360.0,1.0,Rural,Y
LP001404,Female,Yes,0,Graduate,No,3167,2283.0,154.0,360.0,1.0,Semiurban,Y
LP002522,Female,No,0,Graduate,Yes,2500,0.0,93.0,360.0,,Urban,Y
LP001975,Male,Yes,0,Graduate,No,5225,0.0,143.0,360.0,1.0,Rural,
LP001197,Male,Yes,0,Graduate,No,3366,2200.0,135.0,360.0,1.0,Rural,N
LP001268,Male,No,0,Graduate,No,6792,3338.0,187.0,,1.0,Urban,
LP002554,Male,No,0,Graduate,No,2166,2057.0,122.0,360.0,1.0,Semiurban,
LP002191,Male,Yes,0,Graduate,No,19730,5266.0,570.0,360.0,1.0,Rural,N
LP001883,Female,No,0,Graduate,,3418,0.0,135.0,360.0,1.0,Rural,N
LP001138,Male,Yes,1,Graduate,No,5649,0.0,44.0,360.0,1.0,Urban,Y
LP002138,Male,Yes,0,Graduate,No,2625,6250.0,187.0,360.0,1.0,Rural,Y
LP001665,Male,Yes,1,Graduate,No,3125,2583.0,170.0,360.0,1.0,Semiurban,N
LP002989,Male,No,0,Graduate,Yes,9200,0.0,98.0,180.0,1.0,Rural,
LP002747,Female,No,3+,Graduate,No,2366,5272.0,153.0,360.0,0.0,Rural,
LP001573,Male,Yes,0,Not Graduate,No,4523,1350.0,165.0,360.0,1.0,Urban,
LP001871,Female,No,0,Graduate,No,7200,0.0,120.0,360.0,1.0,Rural,Y
LP002422,Male,No,1,Graduate,No,37719,0.0,152.0,360.0,1.0,Semiurban,Y
LP001771,Female,No,3+,Graduate,No,4083,0.0,103.0,360.0,,Semiurban,
LP001978,Male,No,0,Graduate,No,4000,2500.0,140.0,360.0,1.0,Rural,Y
LP002116,Female,No,0,Graduate,No,2378,0.0,46.0,360.0,1.0,Rural,N
LP002849,Male,Yes,0,Graduate,No,1516,1951.0,35.0,360.0,1.0,Semiurban,
LP001520,Male,Yes,0,Graduate,No,4860,830.0,125.0,360.0,1.0,Semiurban,Y
LP001439,Male,Yes,0,Not Graduate,No,4300,2014.0,194.0,360.0,1.0,Rural,Y
LP002279,Male,No,0,Graduate,No,2412,2755.0,130.0,360.0,1.0,Rural,
LP001155,Female,Yes,0,Not Graduate,No,1928,1644.0,100.0,360.0,1.0,Semiurban,Y
LP002142,Female,Yes,0,Graduate,Yes,5500,0.0,105.0,360.0,0.0,Rural,N
LP002612,Female,Yes,0,Graduate,No,2666,0.0,84.0,480.0,1.0,Semiurban,
LP001504,Male,No,0,Graduate,Yes,6950,0.0,175.0,180.0,1.0,Semiurban,Y
LP002515,Male,Yes,1,Graduate,Yes,3450,2079.0,162.0,360.0,1.0,Semiurban,Y
LP002287,Female,No,0,Graduate,No,1500,1800.0,103.0,360.0,0.0,Semiurban,N
LP001022,Male,Yes,1,Graduate,No,3076,1500.0,126.0,360.0,1.0,Urban,
LP002051,Male,Yes,0,Graduate,No,2400,2167.0,115.0,360.0,1.0,Semiurban,Y
LP001041,Male,Yes,0,Graduate,,2600,3500.0,115.0,,1.0,Urban,Y
LP002017,Male,Yes,3+,Graduate,No,15312,0.0,187.0,360.0,,Urban,
LP002644,Male,Yes,1,Graduate,Yes,7500,0.0,75.0,360.0,1.0,Urban,
LP002016,Male,Yes,2,Graduate,No,5128,0.0,143.0,360.0,1.0,Rural,
LP002314,Female,No,0,Not Graduate,No,2213,0.0,66.0,360.0,1.0,Rural,Y
LP002738,Male,No,2,Graduate,No,3617,0.0,107.0,360.0,1.0,Semiurban,Y
LP001366,Female,No,,Graduate,No,3250,0.0,95.0,360.0,1.0,Semiurban,
LP001114,Male,No,0,Graduate,No,4166,7210.0,184.0,360.0,1.0,Urban,Y
LP001606,Male,Yes,0,Graduate,No,3497,1964.0,116.0,360.0,1.0,Rural,Y
LP001813,Male,No,0,Graduate,Yes,6050,4333.0,120.0,180.0,1.0,Urban,N
LP002980,Male,No,0,Graduate,No,3250,1993.0,126.0,360.0,,Semiurban,
LP001226,Male,Yes,0,Not Graduate,No,1750,2024.0,90.0,360.0,1.0,Semiurban,
LP001662,Male,No,0,Graduate,No,6500,0.0,71.0,360.0,0.0,Urban,
LP002270,Male,Yes,1,Graduate,No,3436,3809.0,100.0,360.0,1.0,Rural,
LP001535,Male,No,0,Graduate,No,3254,0.0,50.0,360.0,1.0,Urban,Y
LP001926,Male,Yes,0,Graduate,No,3704,2000.0,120.0,360.0,1.0,Rural,Y
LP002936,Male,Yes,0,Graduate,No,3859,3300.0,142.0,180.0,1.0,Rural,Y
LP002841,Male,Yes,0,Graduate,No,3166,2064.0,104.0,360.0,0.0,Urban,N
LP002496,Female,No,0,Graduate,No,3500,0.0,94.0,360.0,0.0,Semiurban,
LP001036,Female,No,0,Graduate,No,3510,0.0,76.0,360.0,0.0,Urban,N
LP001449,Male,No,0,Graduate,No,3865,1640.0,,360.0,1.0,Rural,Y
LP002054,Male,Yes,2,Not Graduate,No,3601,1590.0,,360.0,1.0,Rural,Y
LP001846,Female,No,3+,Graduate,No,3083,0.0,255.0,360.0,1.0,Rural,Y
LP002746,Male,No,0,Graduate,No,5314,0.0,147.0,360.0,1.0,Urban,
LP002826,Female,Yes,1,Not Graduate,No,3621,2717.0,171.0,360.0,1.0,Urban,
LP001653,Male,No,0,Not Graduate,No,4885,0.0,48.0,360.0,1.0,Rural,Y
LP001401,Male,Yes,1,Graduate,No,14583,0.0,185.0,180.0,1.0,Rural,Y
LP002961,Male,Yes,1,Graduate,No,3400,2500.0,173.0,360.0,1.0,Semiurban,Y
LP001633,Male,Yes,1,Graduate,No,6400,7250.0,180.0,360.0,0.0,Urban,N
LP001972,Male,Yes,,Not Graduate,No,2875,1750.0,105.0,360.0,1.0,Semiurban,Y
LP001718,Male,No,0,Graduate,No,3391,0.0,132.0,360.0,1.0,Rural,
LP002965,Female,Yes,0,Graduate,No,8550,4255.0,96.0,360.0,,Urban,
LP001501,Male,Yes,0,Graduate,No,3500,3250.0,140.0,360.0,1.0,Semiurban,
LP001324,Male,Yes,3+,Graduate,No,4720,0.0,90.0,180.0,1.0,Semiurban,
LP001208,Male,Yes,2,Graduate,,7350,4029.0,185.0,180.0,1.0,Urban,
LP002682,Male,Yes,,Not Graduate,No,3074,1800.0,123.0,360.0,0.0,Semiurban,N
LP002901,Male,No,0,Graduate,No,2283,15000.0,106.0,360.0,,Rural,
LP001137,Female,No,0,Graduate,No,3410,0.0,88.0,,1.0,Urban,Y
LP002550,Female,No,0,Graduate,No,5769,0.0,110.0,180.0,1.0,Semiurban,
LP001543,Male,Yes,1,Graduate,No,9538,0.0,187.0,360.0,1.0,Urban,Y
LP001607,Female,No,0,Not Graduate,No,0,1760.0,180.0,360.0,1.0,Semiurban,
LP001585,,Yes,3+,Graduate,No,51763,0.0,700.0,300.0,1.0,Urban,Y
LP001034,Male,No,1,Not Graduate,No,3596,0.0,100.0,240.0,,Urban,Y
LP002640,Male,Yes,1,Graduate,No,6065,2004.0,250.0,360.0,1.0,Semiurban,Y
LP001146,Female,Yes,0,Graduate,No,2645,3440.0,120.0,360.0,0.0,Urban,N
LP002857,Male,Yes,1,Graduate,Yes,2360,3355.0,87.0,240.0,1.0,Rural,
LP002167,Female,No,0,Graduate,No,2362,0.0,55.0,360.0,1.0,Urban,
LP002659,Male,Yes,3+,Graduate,No,3466,3428.0,150.0,360.0,1.0,Rural,Y
LP002306,Male,Yes,0,Graduate,No,1173,1594.0,28.0,180.0,1.0,Rural,
LP002534,Female,No,0,Not Graduate,No,4350,0.0,154.0,360.0,1.0,Rural,Y
LP001917,Female,No,0,Graduate,No,1811,1666.0,54.0,360.0,1.0,Urban,Y
LP001486,Male,Yes,1,Graduate,No,4364,2500.0,185.0,360.0,1.0,Semiurban,
LP001176,Male,No,0,Graduate,No,2942,2382.0,125.0,180.0,1.0,Urban,
LP001751,Male,Yes,0,Graduate,No,3250,0.0,170.0,360.0,1.0,Rural,N
LP001068,Male,Yes,0,Graduate,No,2799,2253.0,122.0,360.0,1.0,Semiurban,Y
LP002123,Male,Yes,0,Graduate,No,2613,2417.0,123.0,360.0,1.0,Semiurban,
LP002401,Male,Yes,0,Graduate,No,2213,1125.0,,360.0,1.0,Urban,Y
LP002781,Male,No,0,Graduate,No,3083,2738.0,120.0,360.0,1.0,Urban,
LP002180,Male,No,0,Graduate,Yes,6822,0.0,141.0,360.0,1.0,Rural,Y
LP001761,Male,No,0,Graduate,Yes,6400,0.0,200.0,360.0,1.0,Rural,Y
LP001112,Female,Yes,0,Graduate,No,3667,1459.0,144.0,360.0,1.0,Semiurban,Y
LP002843,Female,Yes,0,Graduate,No,4709,0.0,113.0,360.0,1.0,Semiurban,
LP002209,Female,No,0,Graduate,,2764,1459.0,110.0,360.0,1.0,Urban,Y
LP002505,Male,Yes,0,Graduate,No,4333,2451.0,110.0,360.0,1.0,Urban,N
LP002850,Male,No,2,Graduate,No,2400,0.0,46.0,360.0,1.0,Urban,
LP002212,Male,Yes,0,Graduate,No,2166,2166.0,108.0,360.0,,Urban,
LP001527,Male,Yes,3+,Graduate,No,6835,0.0,188.0,360.0,,Semiurban,
LP001664,Male,No,0,Graduate,No,4191,0.0,120.0,360.0,1.0,Rural,Y
LP002253,Female,No,1,Graduate,No,5062,0.0,152.0,300.0,1.0,Rural,
LP002310,Female,No,1,Graduate,No,7600,0.0,92.0,360.0,1.0,Semiurban,
LP002618,Male,Yes,1,Not Graduate,No,4050,5302.0,138.0,360.0,,Rural,N
LP002856,Male,Yes,0,Graduate,No,2292,1558.0,119.0,360.0,1.0,Urban,
LP002105,Male,Yes,0,Graduate,Yes,8706,0.0,108.0,480.0,1.0,Rural,
LP002888,Male,No,0,Graduate,,3182,2917.0,161.0,360.0,1.0,Urban,Y
LP002853,Female,No,0,Not Graduate,No,3015,2000.0,145.0,360.0,,Urban,
LP001565,Male,Yes,1,Graduate,No,3089,1280.0,121.0,360.0,0.0,Semiurban,N
LP002070,Male,Yes,3+,Not Graduate,No,2654,1998.0,128.0,360.0,0.0,Rural,
LP001531,Male,No,0,Graduate,No,9166,0.0,244.0,360.0,1.0,Urban,N
LP001313,Male,No,0,Graduate,No,2750,0.0,130.0,360.0,0.0,Urban,
LP001386,Male,Yes,0,Not Graduate,No,4750,3583.0,144.0,360.0,1.0,Semiurban,
LP001663,Male,Yes,2,Graduate,No,7500,0.0,225.0,360.0,1.0,Urban,
LP001387,Female,Yes,0,Graduate,,2929,2333.0,139.0,360.0,1.0,Semiurban,Y
LP001754,Male,Yes,,Not Graduate,Yes,4735,0.0,138.0,360.0,1.0,Urban,N
LP001791,Male,Yes,0,Graduate,Yes,32000,0.0,550.0,360.0,,Semiurban,
LP001356,Male,Yes,0,Graduate,No,4652,3583.0,,360.0,1.0,Semiurban,Y
LP002357,Female,No,0,Not Graduate,No,2720,0.0,80.0,,0.0,Urban,N
LP002347,Male,Yes,0,Graduate,No,3246,1417.0,138.0,360.0,1.0,Semiurban,Y
LP001651,Male,Yes,3+,Graduate,No,3350,1560.0,135.0,360.0,1.0,Urban,
LP002916,Male,Yes,0,Graduate,No,2297,1522.0,104.0,360.0,1.0,Urban,Y
LP002450,Male,Yes,2,Graduate,No,5833,750.0,49.0,360.0,0.0,Rural,
LP001422,Female,No,0,Graduate,No,10408,0.0,259.0,360.0,1.0,Urban,Y
LP001179,Male,Yes,2,Graduate,No,4616,0.0,134.0,360.0,1.0,Urban,N
LP001529,Male,Yes,0,Graduate,Yes,2577,3750.0,152.0,360.0,1.0,Rural,Y
LP002300,Female,No,0,Not Graduate,No,1963,0.0,53.0,360.0,1.0,Semiurban,Y
LP002759,Male,Yes,2,Graduate,No,5000,0.0,149.0,360.0,1.0,Rural,
LP001698,Male,No,0,Not Graduate,No,3975,2531.0,55.0,360.0,1.0,Rural,Y
LP001231,Female,No,0,Graduate,No,3666,0.0,84.0,360.0,1.0,Urban,
LP002176,Male,No,0,Graduate,No,5708,0.0,150.0,360.0,1.0,Rural,
LP002042,Female,Yes,1,Graduate,No,4000,3917.0,173.0,360.0,1.0,Rural,
LP001018,Male,Yes,2,Graduate,No,4006,1526.0,168.0,360.0,1.0,Urban,Y
LP002399,Male,No,0,Graduate,,2858,0.0,123.0,360.0,0.0,Rural,
LP001109,Male,Yes,0,Graduate,No,1828,1330.0,100.0,,0.0,Urban,N
LP002448,Male,Yes,0,Graduate,No,3948,1733.0,149.0,360.0,0.0,Rural,N
LP001210,Male,Yes,0,Graduate,Yes,2267,2792.0,90.0,360.0,1.0,Urban,
LP001843,Male,Yes,1,Not Graduate,No,2661,7101.0,279.0,180.0,1.0,Semiurban,Y
LP001977,Male,Yes,1,Graduate,No,1625,1803.0,96.0,360.0,1.0,Urban,Y
LP001613,Female,No,0,Graduate,No,1762,2666.0,104.0,360.0,0.0,Urban,
LP002847,Male,Yes,,Graduate,No,5116,1451.0,165.0,360.0,0.0,Urban,N
LP001067,Male,No,0,Not Graduate,No,2400,2400.0,123.0,360.0,1.0,Semiurban,
LP001446,Male,Yes,0,Graduate,No,8449,0.0,257.0,360.0,1.0,Rural,
LP001490,Male,Yes,2,Not Graduate,No,4766,1646.0,100.0,360.0,1.0,Semiurban,
LP001870,Female,No,1,Graduate,No,3481,0.0,155.0,36.0,1.0,Semiurban,N
LP002979,Male,Yes,3+,Graduate,No,4106,0.0,40.0,180.0,1.0,Rural,Y
LP001954,Female,Yes,1,Graduate,No,4666,0.0,135.0,360.0,1.0,Urban,Y
LP002335,Female,Yes,0,Not Graduate,No,2149,3237.0,178.0,360.0,0.0,Semiurban,N
LP001528,Male,No,0,Graduate,No,6277,0.0,118.0,360.0,0.0,Rural,N
LP001886,Male,No,0,Graduate,No,4150,4256.0,209.0,360.0,1.0,Rural,
LP001163,Male,Yes,2,Graduate,No,4363,1250.0,140.0,360.0,,Urban,
LP002572,Male,Yes,1,Graduate,,8750,0.0,297.0,360.0,1.0,Urban,
LP002778,Male,Yes,2,Graduate,Yes,6633,0.0,,360.0,0.0,Rural,N
LP001911,Female,No,0,Graduate,No,2708,0.0,65.0,360.0,1.0,Rural,
LP002555,Male,Yes,2,Graduate,Yes,4583,2083.0,160.0,360.0,1.0,Semiurban,Y
LP001518,Male,Yes,1,Graduate,No,1538,1425.0,30.0,360.0,1.0,Urban,Y
LP001516,Female,Yes,2,Graduate,No,14866,0.0,70.0,360.0,1.0,Urban,Y
LP001496,Male,Yes,1,Graduate,No,4609,2333.0,123.0,360.0,0.0,Semiurban,
LP002639,Male,Yes,2,Graduate,No,4120,0.0,128.0,360.0,1.0,Rural,
LP002440,Male,Yes,2,Graduate,No,2995,1120.0,184.0,360.0,1.0,Rural,
LP001232,Male,Yes,0,Graduate,No,4260,3900.0,185.0,,,Urban,
LP002137,Male,Yes,0,Graduate,No,6333,4583.0,259.0,360.0,,Semiurban,Y
LP002489,Female,No,1,Not Graduate,,5191,0.0,132.0,360.0,1.0,Semiurban,Y
LP002067,Male,Yes,1,Graduate,Yes,8666,4983.0,376.0,360.0,0.0,Rural,N
LP001641,Male,Yes,1,Graduate,Yes,2178,0.0,66.0,300.0,0.0,Rural,N
LP001432,Male,Yes,2,Graduate,No,2957,0.0,81.0,360.0,1.0,Semiurban,Y
LP002245,Male,Yes,2,Not Graduate,No,2896,0.0,80.0,480.0,1.0,Urban,
LP002974,Male,Yes,0,Graduate,No,3232,1950.0,108.0,360.0,1.0,Rural,Y
LP001507,Male,Yes,0,Graduate,No,2698,2034.0,122.0,360.0,1.0,Semiurban,Y
LP002803,Male,Yes,1,Not Graduate,,2600,618.0,122.0,360.0,1.0,Semiurban,
LP001669,Female,No,0,Not Graduate,No,1907,2365.0,120.0,,1.0,Urban,Y
LP002978,Female,No,0,Graduate,No,2900,0.0,71.0,360.0,1.0,Rural,Y
LP001908,Female,Yes,0,Not Graduate,No,4100,0.0,124.0,360.0,,Rural,Y
LP001945,Female,No,,Graduate,No,5417,0.0,143.0,480.0,0.0,Urban,N
LP002288,Male,Yes,2,Not Graduate,No,2889,0.0,45.0,180.0,0.0,Urban,N
LP001431,Female,No,0,Graduate,No,2137,8980.0,137.0,360.0,0.0,Semiurban,Y
LP001637,Male,Yes,1,Graduate,No,33846,0.0,260.0,360.0,1.0,Semiurban,N
LP001682,Male,Yes,3+,Not Graduate,No,3992,0.0,,180.0,1.0,Urban,N
LP002403,Male,No,0,Graduate,Yes,10416,0.0,187.0,360.0,0.0,Urban,N
LP001814,Male,Yes,2,Graduate,No,9703,0.0,112.0,360.0,1.0,Urban,Y
LP002337,Female,No,0,Graduate,No,2995,0.0,60.0,360.0,1.0,Urban,Y
LP001818,Male,Yes,1,Graduate,No,4742,717.0,139.0,360.0,1.0,Semiurban,
LP001757,Male,Yes,1,Graduate,No,2014,2925.0,120.0,360.0,1.0,Rural,
LP001785,Male,No,0,Graduate,No,4727,0.0,150.0,360.0,0.0,Rural,
LP002400,Female,Yes,0,Graduate,No,3833,0.0,92.0,360.0,1.0,Rural,
LP001465,Male,Yes,0,Graduate,No,6080,2569.0,182.0,360.0,,Rural,N
LP001135,Female,No,0,Not Graduate,No,3765,0.0,125.0,360.0,1.0,Urban,
LP002297,Male,No,0,Graduate,No,2500,20000.0,103.0,360.0,1.0,Semiurban,Y
LP001862,Male,Yes,2,Graduate,Yes,4246,4246.0,214.0,360.0,1.0,Urban,
LP001789,Male,Yes,3+,Not Graduate,,6794,528.0,139.0,360.0,0.0,Urban,
LP002561,Male,Yes,0,Graduate,No,5000,0.0,126.0,360.0,1.0,Rural,
LP001734,Female,Yes,2,Graduate,No,4283,2383.0,127.0,360.0,,Semiurban,Y
LP001169,Male,Yes,0,Graduate,No,7500,3750.0,275.0,360.0,1.0,Urban,
LP002630,Male,No,0,Not Graduate,,3808,0.0,83.0,360.0,1.0,Rural,
LP002165,,No,1,Not Graduate,No,2038,4027.0,100.0,360.0,1.0,Rural,
LP002007,Male,Yes,2,Not Graduate,No,2500,3333.0,131.0,360.0,1.0,Urban,
LP002584,Male,No,0,Graduate,,1972,4347.0,106.0,360.0,1.0,Rural,
LP001078,Male,No,0,Not Graduate,No,3091,0.0,90.0,360.0,1.0,Urban,
LP002152,Female,No,0,Graduate,No,4213,0.0,80.0,360.0,1.0,Urban,
LP001728,Male,Yes,1,Graduate,Yes,3343,1517.0,105.0,360.0,1.0,Rural,
LP002239,Male,No,0,Not Graduate,No,2346,1600.0,132.0,360.0,1.0,Semiurban,Y
LP002858,Female,No,0,Graduate,No,4333,2333.0,162.0,360.0,0.0,Rural,
LP002634,Female,No,1,Graduate,No,13262,0.0,40.0,360.0,1.0,Urban,Y
LP001882,Male,Yes,3+,Graduate,No,4333,1811.0,160.0,360.0,0.0,Urban,Y
LP002059,Male,Yes,2,Graduate,No,7874,3967.0,336.0,360.0,1.0,Rural,
LP002409,Male,Yes,0,Graduate,No,7901,1833.0,180.0,360.0,1.0,Rural,Y
LP002587,Male,Yes,0,Not Graduate,No,2600,1700.0,107.0,360.0,1.0,Rural,Y
LP001391,Male,Yes,0,Not Graduate,No,3572,4114.0,152.0,,0.0,Rural,N
LP001413,Male,No,0,Graduate,Yes,6356,0.0,50.0,360.0,1.0,Rural,
LP001770,Male,No,0,Not Graduate,No,3189,2598.0,120.0,,1.0,Rural,Y
LP002326,Male,Yes,2,Not Graduate,No,2513,1110.0,107.0,360.0,1.0,Semiurban,
LP002964,Male,Yes,2,Not Graduate,No,3987,1411.0,157.0,360.0,1.0,Rural,Y
LP001321,Male,Yes,2,Graduate,No,3613,3539.0,134.0,180.0,1.0,Semiurban,
LP002205,Male,No,1,Graduate,No,3062,1987.0,111.0,180.0,0.0,Urban,N
LP002890,Male,Yes,2,Not Graduate,No,3418,1380.0,135.0,360.0,1.0,Urban,
LP002172,Male,Yes,3+,Graduate,Yes,5384,0.0,150.0,360.0,1.0,Semiurban,
LP001776,Female,No,0,Graduate,No,8333,0.0,280.0,360.0,1.0,Semiurban,Y
LP002553,,No,0,Graduate,No,29167,0.0,185.0,360.0,1.0,Semiurban,
LP001338,Female,No,2,Graduate,No,4968,0.0,189.0,360.0,1.0,Semiurban,
LP002036,Male,Yes,0,Graduate,No,2058,2134.0,88.0,360.0,,Urban,Y
LP001190,Male,Yes,0,Graduate,No,2740,1541.0,101.0,360.0,1.0,Urban,
LP002318,Female,No,1,Not Graduate,Yes,3867,0.0,62.0,360.0,1.0,Semiurban,N
LP002442,Female,Yes,1,Not Graduate,No,3835,1400.0,112.0,480.0,0.0,Urban,
LP001499,Female,Yes,3+,Graduate,No,6260,0.0,110.0,360.0,1.0,Semiurban,
LP002158,Male,Yes,0,Not Graduate,No,3000,1666.0,100.0,480.0,0.0,Urban,N
LP001859,Male,Yes,0,Graduate,No,14683,2100.0,304.0,360.0,1.0,Rural,N
LP001703,Male,Yes,0,Graduate,No,3333,1270.0,124.0,360.0,1.0,Urban,
LP001094,Male,Yes,2,Graduate,,12173,0.0,166.0,360.0,0.0,Semiurban,
LP001108,Male,Yes,0,Graduate,No,9226,7916.0,300.0,360.0,1.0,Urban,
LP001915,Male,Yes,2,Graduate,No,2301,985.7999878,78.0,180.0,1.0,Urban,Y
LP002219,Male,Yes,3+,Graduate,No,8750,4996.0,130.0,360.0,1.0,Rural,Y
LP002236,Male,Yes,2,Graduate,No,4566,0.0,100.0,360.0,1.0,Urban,N
LP001750,Male,Yes,0,Graduate,No,6250,0.0,128.0,360.0,1.0,Semiurban,Y
LP002786,Female,Yes,0,Not Graduate,No,1647,1762.0,181.0,360.0,1.0,Urban,
LP002045,Male,Yes,3+,Graduate,No,10166,750.0,150.0,,1.0,Urban,
LP002519,Male,Yes,3+,Graduate,No,4691,0.0,100.0,360.0,1.0,Semiurban,Y
LP002131,Male,Yes,2,Not Graduate,No,3083,2168.0,126.0,360.0,1.0,Urban,Y
LP002622,Male,Yes,2,Graduate,No,3510,4416.0,243.0,360.0,1.0,Rural,Y
LP001153,Male,No,0,Graduate,No,0,24000.0,148.0,360.0,0.0,Rural,
LP002921,Male,Yes,3+,Not Graduate,No,5316,187.0,158.0,180.0,0.0,Semiurban,
LP002614,,No,0,Graduate,No,6478,0.0,108.0,360.0,1.0,Semiurban,
LP002495,Male,Yes,2,Graduate,No,5667,440.0,130.0,360.0,0.0,Semiurban,
LP001054,Male,Yes,0,Not Graduate,Yes,2165,3422.0,152.0,360.0,1.0,Urban,
LP002346,Male,Yes,0,Graduate,,2539,1704.0,125.0,360.0,0.0,Rural,
LP001183,Male,Yes,2,Graduate,No,6250,820.0,192.0,360.0,1.0,Urban,
LP002186,Male,Yes,0,Not Graduate,No,2747,2458.0,118.0,36.0,1.0,Semiurban,
LP002794,Female,No,0,Graduate,No,2667,1625.0,84.0,360.0,,Urban,Y
LP002802,Male,No,0,Graduate,No,2875,2416.0,95.0,6.0,0.0,Semiurban,
LP002874,Male,No,0,Graduate,No,3229,2739.0,110.0,360.0,1.0,Urban,Y
LP001279,Male,No,0,Graduate,No,2366,2531.0,136.0,360.0,1.0,Semiurban,Y
LP001806,Male,No,0,Graduate,No,2965,5701.0,155.0,60.0,1.0,Urban,Y
LP001450,Male,Yes,0,Graduate,No,4456,0.0,131.0,180.0,0.0,Semiurban,
LP001552,Male,Yes,0,Graduate,No,4583,5625.0,255.0,360.0,1.0,Semiurban,Y
LP002697,Male,No,0,Graduate,No,4680,2087.0,,360.0,1.0,Semiurban,N
LP001106,Male,Yes,0,Graduate,No,2275,2067.0,,360.0,1.0,Urban,Y
LP002741,Female,Yes,1,Graduate,No,4608,2845.0,140.0,180.0,1.0,Semiurban,Y
LP001581,Male,Yes,0,Not Graduate,,1820,1769.0,95.0,360.0,1.0,Rural,Y
LP001220,Male,Yes,0,Graduate,No,5629,818.0,100.0,360.0,1.0,Urban,
LP002412,Male,Yes,0,Graduate,No,3007,3725.0,151.0,360.0,1.0,Rural,
LP002744,Male,Yes,1,Graduate,No,6825,0.0,162.0,360.0,1.0,Rural,
LP002766,Female,Yes,0,Graduate,No,7859,879.0,165.0,180.0,1.0,Semiurban,
LP002754,Male,No,,Graduate,No,2066,2108.0,104.0,84.0,1.0,Urban,
LP001622,Male,Yes,2,Graduate,No,724,3510.0,213.0,360.0,0.0,Rural,
LP001326,Male,No,0,Graduate,,6782,0.0,,360.0,,Urban,N
LP002821,Male,No,0,Not Graduate,Yes,5800,0.0,132.0,360.0,1.0,Semiurban,Y
LP001798,Male,Yes,2,Graduate,No,5819,5000.0,120.0,360.0,1.0,Rural,Y
LP001667,Male,No,0,Graduate,No,3073,0.0,70.0,180.0,1.0,Urban,
LP002863,Male,Yes,3+,Graduate,No,6406,0.0,150.0,360.0,1.0,Semiurban,N
LP001407,Male,Yes,0,Graduate,No,3189,2367.0,186.0,360.0,1.0,Urban,
LP002478,,Yes,0,Graduate,Yes,2083,4083.0,160.0,360.0,,Semiurban,Y
LP002788,Male,Yes,0,Not Graduate,No,2454,2333.0,181.0,360.0,0.0,Urban,N
LP002360,Male,Yes,,Graduate,No,10000,0.0,,360.0,1.0,Urban,
LP001693,Female,No,0,Graduate,No,3244,0.0,80.0,360.0,1.0,Urban,Y
LP002263,Male,Yes,0,Graduate,No,2583,2115.0,120.0,360.0,,Urban,Y
LP002018,Male,Yes,2,Graduate,No,3958,2632.0,160.0,360.0,1.0,Semiurban,
LP002281,Male,Yes,0,Graduate,No,3033,1459.0,95.0,360.0,1.0,Urban,Y
LP001842,Male,No,0,Graduate,No,5000,0.0,148.0,360.0,1.0,Rural,
LP002195,Male,Yes,1,Graduate,Yes,3507,3148.0,212.0,360.0,1.0,Rural,
LP001726,Male,Yes,0,Graduate,No,3727,1775.0,131.0,360.0,1.0,Semiurban,Y
LP001008,Male,No,0,Graduate,No,6000,0.0,141.0,360.0,1.0,Urban,Y
LP001855,Male,Yes,2,Graduate,No,4855,0.0,72.0,360.0,1.0,Rural,
LP001174,Male,Yes,0,Graduate,No,3772,833.0,57.0,360.0,,Semiurban,
LP002441,Male,No,,Graduate,No,3579,3308.0,138.0,360.0,,Semiurban,
LP002984,Male,Yes,2,Graduate,No,7583,0.0,187.0,360.0,1.0,Urban,Y
LP001655,Female,No,0,Graduate,No,12500,0.0,300.0,360.0,0.0,Urban,
LP002768,Male,No,0,Not Graduate,No,3358,0.0,80.0,36.0,1.0,Semiurban,N
LP001587,Male,Yes,,Graduate,No,4082,0.0,93.0,360.0,1.0,Semiurban,
LP001361,Male,Yes,0,Graduate,No,2458,5105.0,188.0,360.0,0.0,Rural,
LP001334,Male,Yes,0,Not Graduate,No,4188,0.0,115.0,180.0,1.0,Semiurban,Y
LP002062,Female,Yes,1,Graduate,No,4333,0.0,132.0,84.0,1.0,Rural,
LP001591,Female,Yes,2,Graduate,No,2922,3396.0,122.0,360.0,1.0,Semiurban,
LP002862,Male,Yes,2,Not Graduate,No,6125,1625.0,187.0,480.0,1.0,Semiurban,N
LP002308,Male,Yes,0,Not Graduate,No,2167,2400.0,115.0,360.0,1.0,Urban,Y
LP002615,Male,Yes,2,Graduate,No,4865,5624.0,208.0,360.0,1.0,Semiurban,Y
LP001144,Male,Yes,0,Graduate,No,5821,0.0,144.0,360.0,1.0,Urban,Y
LP001097,Male,No,1,Graduate,Yes,4692,0.0,106.0,360.0,1.0,Rural,N
LP001923,Male,No,0,Not Graduate,No,2268,0.0,170.0,360.0,0.0,Semiurban,
LP001674,Male,Yes,1,Not Graduate,No,2600,2500.0,90.0,360.0,1.0,Semiurban,Y
LP001487,Male,No,0,Graduate,No,4895,0.0,102.0,360.0,1.0,Semiurban,Y
LP001073,Male,Yes,2,Not Graduate,No,4226,1040.0,110.0,360.0,1.0,Urban,Y
LP002376,Male,No,0,Graduate,No,2925,0.0,40.0,180.0,1.0,Rural,
LP001765,Male,Yes,1,Graduate,No,2491,2054.0,104.0,360.0,1.0,Semiurban,Y
LP002556,Male,No,0,Graduate,No,2435,0.0,75.0,360.0,1.0,Urban,N
LP001878,Male,No,1,Graduate,No,5823,2529.0,187.0,360.0,1.0,Semiurban,
LP002224,Male,No,0,Graduate,No,3069,0.0,71.0,480.0,1.0,Urban,N
LP001931,Female,No,0,Graduate,No,4124,0.0,115.0,360.0,1.0,Semiurban,Y
LP002345,Male,Yes,0,Graduate,No,1025,2773.0,112.0,360.0,1.0,Rural,Y
LP001332,Male,Yes,0,Not Graduate,No,2415,1721.0,110.0,360.0,1.0,Semiurban,
LP002262,Male,Yes,3+,Graduate,No,9504,0.0,275.0,360.0,1.0,Rural,Y
LP002933,,No,3+,Graduate,Yes,9357,0.0,292.0,360.0,1.0,Semiurban,Y
LP002600,Male,Yes,1,Graduate,Yes,2895,0.0,95.0,360.0,1.0,Semiurban,Y
LP001492,Male,No,0,Graduate,No,14999,0.0,242.0,360.0,0.0,Semiurban,N
LP001207,Male,Yes,0,Not Graduate,Yes,2609,3449.0,165.0,180.0,0.0,Rural,N
LP002517,Male,Yes,1,Not Graduate,No,2653,1500.0,113.0,180.0,0.0,Rural,N
LP001187,Male,Yes,0,Graduate,No,2783,2708.0,158.0,360.0,1.0,Urban,
LP001451,Male,Yes,1,Graduate,Yes,10513,3850.0,160.0,180.0,0.0,Urban,N
LP002870,Male,Yes,1,Graduate,No,4700,0.0,80.0,360.0,1.0,Urban,
LP002689,Male,Yes,2,Not Graduate,No,2192,1742.0,45.0,360.0,1.0,Semiurban,Y
LP002256,Female,No,2,Graduate,Yes,5184,0.0,187.0,360.0,0.0,Semiurban,
LP002823,Male,Yes,0,Graduate,No,5509,0.0,143.0,360.0,1.0,Rural,
LP001222,Female,No,0,Graduate,No,4166,0.0,116.0,360.0,0.0,Semiurban,N
LP002099,Male,Yes,2,Graduate,No,2540,700.0,104.0,360.0,0.0,Urban,
LP001030,Male,Yes,2,Graduate,No,1299,1086.0,17.0,120.0,1.0,Urban,Y
LP001541,Male,Yes,1,Graduate,No,6000,0.0,160.0,360.0,,Rural,Y
LP001119,Male,No,0,Graduate,No,3600,0.0,80.0,360.0,1.0,Urban,N
LP002571,Male,No,0,Not Graduate,No,3691,0.0,110.0,360.0,1.0,Rural,Y
LP002225,Male,Yes,2,Graduate,No,5391,0.0,130.0,360.0,1.0,Urban,Y
LP001643,Male,Yes,0,Graduate,No,2383,2138.0,58.0,360.0,,Rural,Y
LP001822,Male,No,0,Graduate,No,5900,0.0,150.0,360.0,1.0,Urban,
LP001722,Male,Yes,0,Graduate,No,150,1800.0,135.0,360.0,1.0,Rural,N
LP002009,Female,No,0,Graduate,No,2918,0.0,65.0,360.0,,Rural,
LP001164,Female,No,0,Graduate,No,4230,0.0,112.0,360.0,1.0,Semiurban,N
LP002112,Male,Yes,2,Graduate,Yes,2500,4600.0,176.0,360.0,1.0,Rural,Y
LP001737,Male,No,0,Graduate,No,4000,0.0,83.0,84.0,1.0,Urban,
LP001561,Female,Yes,0,Graduate,No,3417,1287.0,200.0,360.0,1.0,Semiurban,
LP001584,Female,No,0,Graduate,Yes,4742,0.0,108.0,360.0,1.0,Semiurban,
LP001949,Male,Yes,3+,Graduate,,4416,1250.0,110.0,360.0,1.0,Urban,Y
LP001466,Male,No,0,Graduate,No,3066,0.0,95.0,360.0,1.0,Semiurban,
LP001836,Female,No,2,Graduate,No,3427,0.0,138.0,360.0,1.0,Urban,N
LP001589,Female,No,0,Graduate,No,3417,0.0,102.0,360.0,1.0,Urban,
LP002484,Male,Yes,3+,Graduate,No,7740,0.0,128.0,180.0,1.0,Urban,Y
LP002455,Male,Yes,2,Graduate,No,3859,0.0,96.0,360.0,1.0,Semiurban,Y
LP002975,Male,Yes,0,Graduate,No,4158,709.0,115.0,360.0,1.0,Urban,
LP002107,Male,Yes,3+,Not Graduate,No,2855,542.0,90.0,360.0,1.0,Urban,
LP002375,Male,Yes,0,Not Graduate,Yes,3943,0.0,64.0,360.0,1.0,Semiurban,
LP001884,Female,No,1,Graduate,No,2876,1560.0,90.0,360.0,1.0,Urban,Y
LP001677,Male,No,2,Graduate,No,4923,0.0,166.0,360.0,0.0,Semiurban,Y
LP001562,Male,Yes,0,Graduate,No,7933,0.0,275.0,360.0,1.0,Urban,N
LP002792,Male,Yes,1,Graduate,No,5468,1032.0,26.0,360.0,1.0,Semiurban,Y
LP001601,Male,No,3+,Graduate,No,4243,4123.0,157.0,360.0,,Semiurban,
LP002296,Male,No,0,Not Graduate,No,2755,0.0,65.0,300.0,1.0,Rural,N
LP001471,Male,No,2,Not Graduate,No,3235,2015.0,77.0,360.0,1.0,Semiurban,
LP002529,Male,Yes,2,Graduate,No,6700,1750.0,230.0,300.0,1.0,Semiurban,Y
LP002148,Male,Yes,1,Graduate,No,3074,1083.0,146.0,360.0,1.0,Semiurban,
LP001867,Male,Yes,0,Graduate,No,4333,2291.0,133.0,350.0,1.0,Rural,
LP001367,Male,Yes,1,Graduate,No,3052,1030.0,100.0,360.0,1.0,Urban,Y
LP002833,Male,Yes,0,Not Graduate,No,4467,0.0,120.0,360.0,,Rural,Y
LP002250,Male,Yes,0,Graduate,No,5488,0.0,125.0,360.0,1.0,Rural,Y
LP001003,Male,Yes,1,Graduate,No,4583,1508.0,128.0,360.0,1.0,Rural,N
LP002712,Male,No,2,Not Graduate,No,2733,1083.0,180.0,360.0,,Semiurban,
LP002891,Male,Yes,0,Graduate,Yes,2500,296.0,137.0,300.0,1.0,Rural,
LP002813,Female,Yes,1,Graduate,Yes,19484,0.0,600.0,360.0,1.0,Semiurban,Y
LP001265,Female,No,0,Graduate,No,3846,0.0,111.0,360.0,1.0,Semiurban,Y
LP001692,Female,No,0,Not Graduate,No,4408,0.0,120.0,360.0,1.0,Semiurban,Y
LP001100,Male,No,3+,Graduate,No,12500,3000.0,320.0,360.0,1.0,Rural,N
LP001906,Male,No,0,Graduate,,2964,0.0,84.0,360.0,0.0,Semiurban,
LP002626,Male,Yes,0,Graduate,Yes,2479,3013.0,188.0,360.0,1.0,Urban,Y
LP002368,Male,Yes,2,Graduate,No,5935,0.0,133.0,360.0,1.0,Semiurban,Y
LP002453,Male,No,0,Graduate,Yes,7085,0.0,84.0,360.0,1.0,Semiurban,Y
LP002187,Male,No,0,Graduate,No,2500,0.0,96.0,480.0,1.0,Semiurban,N
LP001318,Male,Yes,2,Graduate,No,6250,5654.0,188.0,180.0,1.0,Semiurban,Y
LP002114,Female,No,0,Graduate,No,4160,0.0,71.0,360.0,1.0,Semiurban,Y
LP002568,Male,No,0,Not Graduate,No,9000,0.0,122.0,360.0,1.0,Rural,
LP002832,Male,Yes,2,Graduate,No,8799,0.0,258.0,360.0,0.0,Urban,N
LP002129,Male,Yes,0,Graduate,No,2499,2458.0,160.0,360.0,1.0,Semiurban,Y
LP001909,Male,No,0,Graduate,No,5583,0.0,116.0,360.0,1.0,Urban,
LP001800,Male,Yes,1,Not Graduate,No,2510,1983.0,140.0,180.0,1.0,Urban,N
LP001029,Male,No,0,Graduate,No,1853,2840.0,114.0,360.0,1.0,Rural,N
LP002031,Male,Yes,1,Not Graduate,No,3399,1640.0,111.0,180.0,1.0,Urban,Y
LP002949,Female,No,3+,Graduate,,416,41667.0,350.0,180.0,,Urban,N
LP002243,Male,Yes,0,Not Graduate,No,3010,3136.0,,360.0,0.0,Urban,N
LP001894,Male,Yes,0,Graduate,No,2620,2223.0,150.0,360.0,1.0,Semiurban,Y
LP001577,Female,Yes,0,Graduate,No,4583,0.0,112.0,360.0,1.0,Rural,N
LP002264,Male,Yes,0,Graduate,No,2553,1768.0,102.0,360.0,1.0,Urban,
LP002962,Male,No,0,Graduate,No,4000,2667.0,152.0,360.0,1.0,Semiurban,
LP001185,Male,No,0,Graduate,No,3268,1683.0,152.0,360.0,1.0,Semiurban,
LP002118,Female,No,0,Graduate,No,1937,1152.0,78.0,360.0,1.0,Semiurban,
LP002543,Male,Yes,2,Graduate,No,8333,0.0,246.0,360.0,1.0,Semiurban,Y
LP002885,Male,No,0,Not Graduate,No,2868,0.0,70.0,360.0,1.0,Urban,
LP002619,Male,Yes,0,Not Graduate,No,3814,1483.0,124.0,300.0,1.0,Semiurban,Y
LP002192,Male,Yes,0,Graduate,No,7830,2183.0,212.0,360.0,1.0,Rural,
LP001807,Male,Yes,2,Graduate,Yes,6250,1300.0,108.0,360.0,1.0,Rural,Y
LP002836,Male,No,0,Graduate,No,3333,0.0,70.0,360.0,1.0,Urban,Y
LP002420,Male,Yes,0,Graduate,No,2982,1550.0,110.0,360.0,1.0,Semiurban,
LP002820,Male,Yes,0,Graduate,No,5923,2054.0,211.0,360.0,1.0,Rural,Y
LP001375,Male,Yes,1,Graduate,,4083,1775.0,139.0,60.0,1.0,Urban,
LP001647,Male,Yes,0,Graduate,No,9328,0.0,188.0,180.0,1.0,Rural,Y
LP001950,Female,Yes,3+,Graduate,,1750,2935.0,94.0,360.0,0.0,Semiurban,
LP001452,Male,Yes,2,Graduate,No,4635,8000.0,102.0,180.0,1.0,Rural,
LP002527,Male,Yes,2,Graduate,Yes,16525,1014.0,150.0,360.0,1.0,Rural,Y
LP001358,Male,Yes,0,Graduate,No,3445,0.0,130.0,360.0,0.0,Semiurban,
LP002637,Male,No,0,Not Graduate,No,3598,1287.0,100.0,360.0,1.0,Rural,N
LP001198,Male,Yes,1,Graduate,No,8080,2250.0,180.0,360.0,1.0,Urban,Y
LP002524,Male,No,2,Graduate,No,5532,4648.0,162.0,360.0,1.0,Rural,Y
LP002807,Male,Yes,2,Not Graduate,No,3675,242.0,108.0,360.0,1.0,Semiurban,Y
LP002344,Male,Yes,0,Graduate,No,3510,828.0,105.0,360.0,1.0,Semiurban,
LP001735,Female,No,1,Graduate,No,3620,0.0,90.0,360.0,1.0,Urban,
LP001841,Male,No,0,Not Graduate,Yes,2583,2167.0,104.0,360.0,1.0,Rural,Y
LP001046,Male,Yes,1,Graduate,No,5955,5625.0,315.0,360.0,1.0,Urban,Y
LP002008,Male,Yes,2,Graduate,Yes,5746,0.0,144.0,84.0,,Rural,Y
LP002473,Male,Yes,0,Graduate,No,8334,0.0,160.0,360.0,1.0,Semiurban,N
LP001560,Male,Yes,0,Not Graduate,No,1863,1041.0,98.0,360.0,1.0,Semiurban,Y
LP001903,Male,Yes,0,Graduate,No,3993,3274.0,207.0,360.0,1.0,Semiurban,Y
LP001656,Male,No,0,Graduate,No,12000,0.0,164.0,360.0,1.0,Semiurban,N
LP002237,Male,No,1,Graduate,,3667,0.0,113.0,180.0,1.0,Urban,Y
LP002064,Male,No,0,Graduate,No,4083,0.0,96.0,360.0,1.0,Urban,
LP002332,Male,Yes,0,Not Graduate,No,2253,2033.0,110.0,360.0,1.0,Rural,Y
LP002562,Male,Yes,1,Not Graduate,No,5333,1131.0,186.0,360.0,,Urban,Y
LP002126,Male,Yes,3+,Not Graduate,No,3173,0.0,74.0,360.0,1.0,Semiurban,Y
LP001857,Male,No,0,Not Graduate,Yes,1599,2474.0,125.0,300.0,1.0,Semiurban,
LP001996,Male,No,0,Graduate,No,20233,0.0,480.0,360.0,1.0,Rural,N
LP001242,Male,No,0,Not Graduate,No,2356,1902.0,108.0,360.0,1.0,Semiurban,
LP001469,Male,No,0,Graduate,Yes,20166,0.0,650.0,480.0,,Urban,Y
LP001270,Male,Yes,3+,Not Graduate,Yes,8000,250.0,187.0,360.0,1.0,Semiurban,
LP002402,Male,Yes,0,Graduate,No,3333,4288.0,160.0,360.0,1.0,Urban,
LP001343,Male,Yes,0,Graduate,No,1759,3541.0,131.0,360.0,1.0,Semiurban,Y
LP002201,Male,Yes,2,Graduate,Yes,9323,7873.0,380.0,300.0,1.0,Rural,Y
LP001282,Male,Yes,0,Graduate,No,2500,2118.0,104.0,360.0,1.0,Semiurban,Y
LP002472,Male,No,2,Graduate,No,4354,0.0,136.0,360.0,1.0,Rural,Y
LP002097,Male,No,1,Graduate,No,4384,1793.0,117.0,360.0,1.0,Urban,Y
LP001716,Male,Yes,0,Graduate,No,3173,3021.0,137.0,360.0,1.0,Urban,Y
LP002500,Male,Yes,3+,Not Graduate,No,2947,1664.0,70.0,180.0,0.0,Urban,N
LP001430,Female,No,0,Graduate,No,4166,0.0,44.0,360.0,1.0,Semiurban,Y
LP001015,Male,Yes,0,Graduate,No,5720,0.0,110.0,360.0,1.0,Urban,
LP001043,Male,Yes,0,Not Graduate,No,7660,0.0,104.0,360.0,0.0,Urban,N
LP001455,Male,Yes,0,Graduate,No,3571,1917.0,135.0,360.0,1.0,Urban,
LP001245,Male,Yes,2,Not Graduate,Yes,1875,1875.0,97.0,360.0,1.0,Semiurban,Y
LP001369,Male,Yes,2,Graduate,No,11417,1126.0,225.0,360.0,1.0,Urban,Y
LP001888,Female,No,0,Graduate,No,3237,0.0,30.0,360.0,1.0,Urban,Y
LP002358,Male,Yes,2,Graduate,Yes,5000,2166.0,150.0,360.0,1.0,Urban,
LP002393,Female,,,Graduate,No,10047,0.0,,240.0,1.0,Semiurban,Y
LP001350,Male,Yes,,Graduate,No,13650,0.0,,360.0,1.0,Urban,Y
